{"entities":{"pages":{"starter":{"id":"starter","title":"\u003cstarter.md\u003e","level":0,"tabIndex":0},"AWS_ cloud_computing":{"id":"AWS_ cloud_computing","title":"What are Traditional IT Services Like?","url":"aws-cloud-computing.html","level":0,"tabIndex":1},"AWS_Traditional_VS_Cloud":{"id":"AWS_Traditional_VS_Cloud","title":"Amazon Web Services Versus Traditional IT","url":"aws-traditional-vs-cloud.html","level":0,"tabIndex":2},"AWS_Introduction":{"id":"AWS_Introduction","title":"Amazon Web Services","url":"aws-introduction.html","level":0,"tabIndex":3},"AWS_ Economics_Model_Of_AWS":{"id":"AWS_ Economics_Model_Of_AWS","title":"Cloud Computing Economics","url":"aws-economics-model-of-aws.html","level":0,"tabIndex":4},"AWS_cloud_Design":{"id":"AWS_cloud_Design","title":"Principles of Cloud Native for AWS","url":"aws-cloud-design.html","level":0,"tabIndex":5},"AWS_Security_Old_Way":{"id":"AWS_Security_Old_Way","title":"AWS Security","url":"aws-security-old-way.html","level":0,"tabIndex":6},"AWS_security_Compliance":{"id":"AWS_security_Compliance","title":"AWS Security Compliance","url":"aws-security-compliance.html","level":0,"tabIndex":7},"AWS_IAM":{"id":"AWS_IAM","title":"Identity and Access Management (IAM)","url":"aws-iam.html","level":0,"tabIndex":8},"AWS_Securiy_Resources":{"id":"AWS_Securiy_Resources","title":"AWS Security  Resources","url":"aws-securiy-resources.html","level":0,"tabIndex":9},"AWS_Global_Infrastructure":{"id":"AWS_Global_Infrastructure","title":"Global Infrastructure","url":"aws-global-infrastructure.html","level":0,"tabIndex":10},"AWS_Networking":{"id":"AWS_Networking","title":"AWS Networking","url":"aws-networking.html","level":0,"tabIndex":11},"AWS_FireWalls":{"id":"AWS_FireWalls","title":"Firewalls","url":"aws-firewalls.html","level":0,"tabIndex":12},"AWS_storage":{"id":"AWS_storage","title":"AWS Storage","url":"aws-storage.html","level":0,"tabIndex":13},"AWS_compute_Services":{"id":"AWS_compute_Services","title":"Compute Services","url":"aws-compute-services.html","level":0,"tabIndex":14}}},"topLevelIds":["starter","AWS_ cloud_computing","AWS_Traditional_VS_Cloud","AWS_Introduction","AWS_ Economics_Model_Of_AWS","AWS_cloud_Design","AWS_Security_Old_Way","AWS_security_Compliance","AWS_IAM","AWS_Securiy_Resources","AWS_Global_Infrastructure","AWS_Networking","AWS_FireWalls","AWS_storage","AWS_compute_Services"]}