{"entities":{"pages":{"AWS_ cloud_computing":{"id":"AWS_ cloud_computing","title":"What are Traditional IT Services Like?","url":"aws-cloud-computing.html","level":0,"tabIndex":0},"AWS_Traditional_VS_Cloud":{"id":"AWS_Traditional_VS_Cloud","title":"Amazon Web Services Versus Traditional IT","url":"aws-traditional-vs-cloud.html","level":0,"tabIndex":1},"AWS_Introduction":{"id":"AWS_Introduction","title":"Amazon Web Services","url":"aws-introduction.html","level":0,"tabIndex":2},"AWS_ Economics_Model_Of_AWS":{"id":"AWS_ Economics_Model_Of_AWS","title":"Cloud Computing Economics","url":"aws-economics-model-of-aws.html","level":0,"tabIndex":3},"AWS_cloud_Design":{"id":"AWS_cloud_Design","title":"Principles of Cloud Native for AWS","url":"aws-cloud-design.html","level":0,"tabIndex":4},"AWS_Security_Old_Way":{"id":"AWS_Security_Old_Way","title":"AWS Security","url":"aws-security-old-way.html","level":0,"tabIndex":5},"AWS_security_Compliance":{"id":"AWS_security_Compliance","title":"AWS Security Compliance","url":"aws-security-compliance.html","level":0,"tabIndex":6},"AWS_IAM":{"id":"AWS_IAM","title":"Identity and Access Management (IAM)","url":"aws-iam.html","level":0,"tabIndex":7},"AWS_Securiy_Resources":{"id":"AWS_Securiy_Resources","title":"AWS Security  Resources","url":"aws-securiy-resources.html","level":0,"tabIndex":8},"AWS_Global_Infrastructure":{"id":"AWS_Global_Infrastructure","title":"Global Infrastructure","url":"aws-global-infrastructure.html","level":0,"tabIndex":9},"AWS_Networking":{"id":"AWS_Networking","title":"AWS Networking","url":"aws-networking.html","level":0,"tabIndex":10},"AWS_FireWalls":{"id":"AWS_FireWalls","title":"Firewalls","url":"aws-firewalls.html","level":0,"tabIndex":11},"AWS_storage":{"id":"AWS_storage","title":"AWS Storage","url":"aws-storage.html","level":0,"tabIndex":12},"AWS_compute_Services":{"id":"AWS_compute_Services","title":"Compute Services","url":"aws-compute-services.html","level":0,"tabIndex":13},"AWS_Lambda":{"id":"AWS_Lambda","title":"AWS Lambda","url":"aws-lambda.html","level":0,"tabIndex":14},"AWS_ECS_EKS":{"id":"AWS_ECS_EKS","title":"Compute Container","url":"aws-ecs-eks.html","level":0,"tabIndex":15},"AWS_Database_Services":{"id":"AWS_Database_Services","title":"AWS Databases","url":"aws-database-services.html","level":0,"tabIndex":16},"AWS_SQL_Database":{"id":"AWS_SQL_Database","title":"SQL Data stores (Structured)","url":"aws-sql-database.html","level":0,"tabIndex":17},"AWS_NOSQL_Datastores":{"id":"AWS_NOSQL_Datastores","title":"AWS NOSQL Data Sores","url":"aws-nosql-datastores.html","level":0,"tabIndex":18},"AWS_Databases_Summary":{"id":"AWS_Databases_Summary","title":"AWS Database SUMMARY","url":"aws-databases-summary.html","level":0,"tabIndex":19},"AWS_Core_Services":{"id":"AWS_Core_Services","title":"Application Integration","url":"aws-core-services.html","level":0,"tabIndex":20},"AWS_Migration_Services":{"id":"AWS_Migration_Services","title":"AWS Migration Services","url":"aws-migration-services.html","level":0,"tabIndex":21},"AWS_MAnagement_Services":{"id":"AWS_MAnagement_Services","title":"AWS Management Services","url":"aws-management-services.html","level":0,"tabIndex":22},"AWS_AI_ML":{"id":"AWS_AI_ML","title":"AI/ ML","url":"aws-ai-ml.html","level":0,"tabIndex":23}}},"topLevelIds":["AWS_ cloud_computing","AWS_Traditional_VS_Cloud","AWS_Introduction","AWS_ Economics_Model_Of_AWS","AWS_cloud_Design","AWS_Security_Old_Way","AWS_security_Compliance","AWS_IAM","AWS_Securiy_Resources","AWS_Global_Infrastructure","AWS_Networking","AWS_FireWalls","AWS_storage","AWS_compute_Services","AWS_Lambda","AWS_ECS_EKS","AWS_Database_Services","AWS_SQL_Database","AWS_NOSQL_Datastores","AWS_Databases_Summary","AWS_Core_Services","AWS_Migration_Services","AWS_MAnagement_Services","AWS_AI_ML"]}